{"cameraMode":{"drawMode":0,"name":"Shaded","section":"Shading Mode"},"sceneLighting":false,"audioPlay":false,"sceneViewState":{"m_AlwaysRefresh":false,"showFog":true,"showSkybox":false,"showFlares":true,"showImageEffects":true,"showParticleSystems":true,"showVisualEffectGraphs":true,"m_FxEnabled":true},"in2DMode":false,"pivot":{"x":0.026010887697339059,"y":0.03420315682888031,"z":0.000060744991060346365},"rotation":{"x":0.02128584310412407,"y":0.04560960456728935,"z":-0.000946175423450768,"w":0.9988422989845276},"size":0.48975586891174319,"orthographic":false}