{"cameraMode":{"drawMode":0,"name":"Shaded","section":"Shading Mode"},"sceneLighting":false,"audioPlay":false,"sceneViewState":{"m_AlwaysRefresh":false,"showFog":true,"showSkybox":false,"showFlares":true,"showImageEffects":true,"showParticleSystems":true,"showVisualEffectGraphs":true,"m_FxEnabled":true},"in2DMode":false,"pivot":{"x":0.02659301459789276,"y":-0.013686846941709519,"z":0.06016499921679497},"rotation":{"x":0.27420660853385928,"y":0.023695433512330056,"z":-0.006713868118822575,"w":0.9615166783332825},"size":0.4150843918323517,"orthographic":false}